happy2,,,,,,,,,,,,,,,,,,,,,,,,,,,,,,,,,,,,
song index: ,0,,,,,,,,,,,,,,,,,,,,,,,,,,,,,,,,,,,
,,,,,,,,,,,,,,,,,,,,,,,,,,,,,,,,,,,,
signature number : ,5,,,,,,,,,,,,,,,,,,,,,,,,,,,,,,,,,,,
,,,,,,,,,,,,,,,,,,,,,,,,,,,,,,,,,,,,
key : , F,,,,,,,,,,,,,,,,,,,,,,,,,,,,,,,,,,,
,,,,,,,,,,,,,,,,,,,,,,,,,,,,,,,,,,,,
bar length: ,2,,,,,,,,,,,,,,,,,,,,,,,,,,,,,,,,,,,
,,,,,,,,,,,,,,,,,,,,,,,,,,,,,,,,,,,,
beat note: ,4,,,,,,,,,,,,,,,,,,,,,,,,,,,,,,,,,,,
,,,,,,,,,,,,,,,,,,,,,,,,,,,,,,,,,,,,
=====,======,======,======,=======,,,,,,,,,,,,,,,,,,,,,,,,,,,,,,,,
bar number: ,28,,,,,,,,,,,,,,,,,,,,,,,,,,,,,,,,,,,
,,,,,,,,,,,,,,,,,,,,,,,,,,,,,,,,,,,,
note number: ,120,,,,,,,,,,,,,,,,,,,,,,,,,,,,,,,,,,,
,,,,,,,,,,,,,,,,,,,,,,,,,,,,,,,,,,,,
=====,======,======,======,=======,,,,,,,,,,,,,,,,,,,,,,,,,,,,,,,,
signatureNum, signature,,,,,,,,,,,,,,,,,,,,,,,,,,,,,,,,,,,
1,9,,,,,,,,,,,,,,,,,,,,,,,,,,,,,,,,,,,
,,,,,,,,,,,,,,,,,,,,,,,,,,,,,,,,,,,,
2,10,,,,,,,,,,,,,,,,,,,,,,,,,,,,,,,,,,,
,,,,,,,,,,,,,,,,,,,,,,,,,,,,,,,,,,,,
3,3,,,,,,,,,,,,,,,,,,,,,,,,,,,,,,,,,,,
,,,,,,,,,,,,,,,,,,,,,,,,,,,,,,,,,,,,
4,20,,,,,,,,,,,,,,,,,,,,,,,,,,,,,,,,,,,
,,,,,,,,,,,,,,,,,,,,,,,,,,,,,,,,,,,,
5,5,,,,,,,,,,,,,,,,,,,,,,,,,,,,,,,,,,,
,,,,,,,,,,,,,,,,,,,,,,,,,,,,,,,,,,,,
=====,======,======,======,=======,======,======,======,=======,======,=======,======,=======,======,=======,======,=======,=======,=======,=======,=======,=======,=======,=======,=======,=======,=======,=======,=======,=======,=======,=======,=======,=======,=======,=======,=======
noteRowNum, noteColumnNum, note, barRow, barColumn,barLine, baseQuarter, quarter, dotEigth, ascend, descend ,repeatBegin,repeatEnd,begin,end,leftTies,rightTies,aHalfSemitone,dHalfSemitone,leftRepeatSeq,rightRepeatSeq,repeatNote,connectedLine,hConnectedLine,chord1,chord2,chord3,xCoordinate,yCoordinate,width ,height,Lyric1,lyric2,polyphone,bigsection,section1,section2
1,1,6,1,1,1,1,0,1,0,0,0,0,0,0,0,0,0,0,0,0,0,0,0,0,0,0,103,105,0,0,,,1,2,,
,,,,,,,,,,,,,,,,,,,,,,,,,,,,,,,,,,,,
1,2,6,1,1,0,2,0,0,0,0,0,0,0,0,0,0,0,0,0,0,0,0,0,0,0,0,146,105,0,0,,,1,2,,
,,,,,,,,,,,,,,,,,,,,,,,,,,,,,,,,,,,,
1,3,6,1,1,0,1,0,0,0,0,0,0,0,0,0,0,0,0,0,0,0,0,0,0,0,0,173,106,0,0,,,1,2,,
,,,,,,,,,,,,,,,,,,,,,,,,,,,,,,,,,,,,
1,4,5,1,1,0,1,0,0,0,0,0,0,0,0,0,0,0,0,0,0,0,0,0,0,0,0,206,106,0,0,,,1,2,,
,,,,,,,,,,,,,,,,,,,,,,,,,,,,,,,,,,,,
1,5,4,1,1,0,0,1,0,0,0,0,0,0,0,0,0,0,0,0,0,0,0,0,0,0,0,236,106,0,0,,,1,2,,
,,,,,,,,,,,,,,,,,,,,,,,,,,,,,,,,,,,,
1,6,7,1,2,1,0,1,0,0,0,0,0,0,0,0,0,0,0,0,0,0,0,0,0,0,0,367,107,0,0,,,1,2,,
,,,,,,,,,,,,,,,,,,,,,,,,,,,,,,,,,,,,
1,7,1,1,2,0,0,1,0,1,0,0,0,0,0,0,0,0,0,0,0,0,0,0,0,0,0,499,110,0,0,,,1,2,,
,,,,,,,,,,,,,,,,,,,,,,,,,,,,,,,,,,,,
1,8,6,1,3,1,1,0,0,0,0,0,0,0,0,0,0,0,0,0,0,0,0,0,0,0,0,627,109,0,0,,,1,2,1,
,,,,,,,,,,,,,,,,,,,,,,,,,,,,,,,,,,,,
1,9,6,1,3,0,1,0,0,0,0,0,0,0,0,0,0,0,0,0,0,0,0,0,0,0,0,657,109,0,0,,,1,2,1,
,,,,,,,,,,,,,,,,,,,,,,,,,,,,,,,,,,,,
1,10,6,1,3,0,1,0,0,0,0,0,0,0,0,0,0,0,0,0,0,0,0,0,0,0,0,696,109,0,0,,,1,2,1,
,,,,,,,,,,,,,,,,,,,,,,,,,,,,,,,,,,,,
1,11,6,1,3,0,1,0,0,0,0,0,0,0,0,0,0,0,0,0,0,0,0,0,0,0,0,726,109,0,0,,,1,2,1,
,,,,,,,,,,,,,,,,,,,,,,,,,,,,,,,,,,,,
1,12,7,1,3,0,1,0,1,0,0,0,0,0,0,0,0,0,0,0,0,0,0,0,0,0,0,759,110,0,0,,,1,2,1,
,,,,,,,,,,,,,,,,,,,,,,,,,,,,,,,,,,,,
1,13,7,1,3,0,2,0,0,0,0,0,0,0,0,0,0,0,0,0,0,0,0,0,0,0,0,802,110,0,0,,,1,2,1,
,,,,,,,,,,,,,,,,,,,,,,,,,,,,,,,,,,,,
1,14,7,1,3,0,1,0,0,0,0,0,0,0,0,0,0,0,0,0,0,0,0,0,0,0,0,829,110,0,0,,,1,2,1,
,,,,,,,,,,,,,,,,,,,,,,,,,,,,,,,,,,,,
1,15,7,1,3,0,1,0,0,0,0,0,0,0,0,0,0,0,0,0,0,0,0,0,0,0,0,859,110,0,0,,,1,2,1,
,,,,,,,,,,,,,,,,,,,,,,,,,,,,,,,,,,,,
1,16,7,1,4,1,1,0,0,0,0,0,0,0,0,0,0,0,0,0,0,0,0,0,0,0,0,905,110,0,0,,,1,2,1,
,,,,,,,,,,,,,,,,,,,,,,,,,,,,,,,,,,,,
1,17,1,1,4,0,1,0,0,1,0,0,0,0,0,0,0,0,0,0,0,0,0,0,0,0,0,934,111,0,0,,,1,2,1,
,,,,,,,,,,,,,,,,,,,,,,,,,,,,,,,,,,,,
1,18,1,1,4,0,0,2,0,1,0,0,0,0,0,0,0,0,0,0,0,0,0,0,0,0,0,967,111,0,0,,,1,2,1,
,,,,,,,,,,,,,,,,,,,,,,,,,,,,,,,,,,,,
2,1,4,2,1,1,1,0,1,0,0,0,0,0,0,0,0,0,0,0,0,0,0,0,0,0,0,102,215,0,0,,,2,2,,
,,,,,,,,,,,,,,,,,,,,,,,,,,,,,,,,,,,,
2,2,4,2,1,0,2,0,0,0,0,0,0,0,0,0,0,0,0,0,0,0,0,0,0,0,0,146,215,0,0,,,2,2,,
,,,,,,,,,,,,,,,,,,,,,,,,,,,,,,,,,,,,
2,3,4,2,1,0,1,0,0,0,0,0,0,0,0,0,0,0,0,0,0,0,0,0,0,0,0,173,215,0,0,,,2,2,,
,,,,,,,,,,,,,,,,,,,,,,,,,,,,,,,,,,,,
2,4,3,2,1,0,1,0,0,0,0,0,0,0,0,0,0,0,0,0,0,0,0,0,0,0,0,205,215,0,0,,,2,2,,
,,,,,,,,,,,,,,,,,,,,,,,,,,,,,,,,,,,,
2,5,2,2,1,0,0,0,1,0,0,0,0,0,0,0,0,0,0,0,0,0,0,0,0,0,0,235,215,0,0,,,2,2,,
,,,,,,,,,,,,,,,,,,,,,,,,,,,,,,,,,,,,
2,6,1,2,3,0,0,0,0,0,0,0,0,0,0,0,0,0,0,0,0,0,0,0,0,0,0,299,207,0,0,,,2,2,,
,,,,,,,,,,,,,,,,,,,,,,,,,,,,,,,,,,,,
2,7,1,2,3,0,0,0,0,0,0,0,0,0,0,0,0,0,0,0,0,0,0,0,0,0,0,330,207,0,0,,,2,2,,
,,,,,,,,,,,,,,,,,,,,,,,,,,,,,,,,,,,,
2,8,5,2,2,1,0,0,1,0,0,0,0,0,0,0,0,0,0,0,0,0,0,0,0,0,0,367,217,0,0,,,2,2,,
,,,,,,,,,,,,,,,,,,,,,,,,,,,,,,,,,,,,
2,9,5,2,2,0,1,0,0,0,0,0,0,0,0,0,0,0,0,0,0,0,0,0,0,0,0,409,217,0,0,,,2,2,,
,,,,,,,,,,,,,,,,,,,,,,,,,,,,,,,,,,,,
2,10,5,2,2,0,0,0,0,0,0,0,0,0,0,0,0,0,0,0,0,0,0,0,0,0,0,436,217,0,0,,,2,2,,
,,,,,,,,,,,,,,,,,,,,,,,,,,,,,,,,,,,,
2,11,1,2,3,0,0,0,0,0,0,0,0,0,0,0,0,0,0,0,0,0,0,0,0,0,0,488,207,0,0,,,2,2,,
,,,,,,,,,,,,,,,,,,,,,,,,,,,,,,,,,,,,
2,12,5,2,3,0,0,0,1,0,0,0,0,0,0,0,0,0,0,0,0,0,0,0,0,0,0,513,218,0,0,,,2,2,,
,,,,,,,,,,,,,,,,,,,,,,,,,,,,,,,,,,,,
2,13,3,2,3,0,0,0,0,0,0,0,0,0,0,0,0,0,0,0,0,0,0,0,0,0,0,541,218,0,0,,,2,2,,
,,,,,,,,,,,,,,,,,,,,,,,,,,,,,,,,,,,,
2,14,3,2,3,0,0,0,0,0,0,0,0,0,0,0,0,0,0,0,0,0,0,0,0,0,0,568,218,0,0,,,2,2,,
,,,,,,,,,,,,,,,,,,,,,,,,,,,,,,,,,,,,
2,15,4,2,4,1,0,0,0,0,0,0,0,0,0,0,0,0,0,0,0,0,0,0,0,0,0,633,218,0,0,,,2,2,1,
,,,,,,,,,,,,,,,,,,,,,,,,,,,,,,,,,,,,
2,16,4,2,4,0,0,0,0,0,0,0,0,0,0,0,0,0,0,0,0,0,0,0,0,0,0,663,219,0,0,,,2,2,1,
,,,,,,,,,,,,,,,,,,,,,,,,,,,,,,,,,,,,
2,17,4,2,4,0,0,0,0,0,0,0,0,0,0,0,0,0,0,0,0,0,0,0,0,0,0,696,219,0,0,,,2,2,1,
,,,,,,,,,,,,,,,,,,,,,,,,,,,,,,,,,,,,
2,18,3,2,4,0,0,0,0,0,0,0,0,0,0,0,0,0,0,0,0,0,0,0,0,0,0,727,219,0,0,,,2,2,1,
,,,,,,,,,,,,,,,,,,,,,,,,,,,,,,,,,,,,
2,19,2,2,4,0,0,0,1,0,0,0,0,0,0,0,0,0,0,0,0,0,0,0,0,0,0,759,219,0,0,,,2,2,1,
,,,,,,,,,,,,,,,,,,,,,,,,,,,,,,,,,,,,
2,20,2,2,4,0,0,0,0,0,0,0,0,0,0,0,0,0,0,0,0,0,0,0,0,0,0,802,219,0,0,,,2,2,1,
,,,,,,,,,,,,,,,,,,,,,,,,,,,,,,,,,,,,
2,21,2,2,4,0,0,0,0,0,0,0,0,0,0,0,0,0,0,0,0,0,0,0,0,0,0,829,219,0,0,,,2,2,1,
,,,,,,,,,,,,,,,,,,,,,,,,,,,,,,,,,,,,
2,22,1,2,5,0,0,0,0,0,0,0,0,0,0,0,0,0,0,0,0,0,0,0,0,0,0,860,221,0,0,,,2,2,1,
,,,,,,,,,,,,,,,,,,,,,,,,,,,,,,,,,,,,
2,23,7,2,5,1,0,0,0,0,1,0,0,0,0,0,0,0,0,0,0,0,0,0,0,0,0,905,220,0,0,,,2,2,1,
,,,,,,,,,,,,,,,,,,,,,,,,,,,,,,,,,,,,
2,24,1,2,5,0,0,0,0,0,0,0,0,0,0,0,0,0,0,0,0,0,0,0,0,0,0,934,221,0,0,,,2,2,1,
,,,,,,,,,,,,,,,,,,,,,,,,,,,,,,,,,,,,
2,25,1,2,5,0,0,2,0,0,0,0,0,0,0,0,0,0,0,0,0,0,0,0,0,0,0,967,221,0,0,,,2,2,1,
,,,,,,,,,,,,,,,,,,,,,,,,,,,,,,,,,,,,
3,1,6,3,1,1,0,1,0,0,0,0,0,0,0,0,0,0,0,0,0,0,0,0,0,0,0,102,325,0,0,,,3,2,,
,,,,,,,,,,,,,,,,,,,,,,,,,,,,,,,,,,,,
3,2,5,3,1,0,0,1,0,0,0,0,0,0,0,0,0,0,0,0,0,0,0,0,0,0,0,235,326,0,0,,,3,2,,
,,,,,,,,,,,,,,,,,,,,,,,,,,,,,,,,,,,,
3,3,7,3,2,1,0,1,0,0,0,0,0,0,0,0,0,0,0,0,0,0,0,0,0,0,0,366,327,0,0,,,3,2,,
,,,,,,,,,,,,,,,,,,,,,,,,,,,,,,,,,,,,
3,4,6,3,2,0,0,1,0,0,0,0,0,0,0,0,0,0,0,0,0,0,0,0,0,0,0,498,327,0,0,,,3,2,,
,,,,,,,,,,,,,,,,,,,,,,,,,,,,,,,,,,,,
3,5,4,3,3,1,1,0,0,0,0,0,0,0,0,0,0,0,0,0,0,0,0,0,0,0,0,633,328,0,0,,,3,2,1,
,,,,,,,,,,,,,,,,,,,,,,,,,,,,,,,,,,,,
3,6,4,3,3,0,1,0,0,0,0,0,0,0,0,0,0,0,0,0,0,0,0,0,0,0,0,663,328,0,0,,,3,2,1,
,,,,,,,,,,,,,,,,,,,,,,,,,,,,,,,,,,,,
3,7,4,3,3,0,1,0,0,0,0,0,0,0,0,0,0,0,0,0,0,0,0,0,0,0,0,696,328,0,0,,,3,2,1,
,,,,,,,,,,,,,,,,,,,,,,,,,,,,,,,,,,,,
3,8,3,3,3,0,1,0,0,0,0,0,0,0,0,0,0,0,0,0,0,0,0,0,0,0,0,727,328,0,0,,,3,2,1,
,,,,,,,,,,,,,,,,,,,,,,,,,,,,,,,,,,,,
3,9,2,3,3,0,1,0,1,0,0,0,0,0,0,0,0,0,0,0,0,0,0,0,0,0,0,759,328,0,0,,,3,2,1,
,,,,,,,,,,,,,,,,,,,,,,,,,,,,,,,,,,,,
3,10,2,3,3,0,2,0,0,0,0,0,0,0,0,0,0,0,0,0,0,0,0,0,0,0,0,802,329,0,0,,,3,2,1,
,,,,,,,,,,,,,,,,,,,,,,,,,,,,,,,,,,,,
3,11,2,3,3,0,1,0,0,0,0,0,0,0,0,0,0,0,0,0,0,0,0,0,0,0,0,829,329,0,0,,,3,2,1,
,,,,,,,,,,,,,,,,,,,,,,,,,,,,,,,,,,,,
3,12,1,3,3,0,1,0,0,0,0,0,0,0,0,0,0,0,0,0,0,0,0,0,0,0,0,860,330,0,0,,,3,2,1,
,,,,,,,,,,,,,,,,,,,,,,,,,,,,,,,,,,,,
3,13,7,3,4,1,1,0,0,0,1,0,0,0,0,0,0,0,0,0,0,0,0,0,0,0,0,905,330,0,0,,,3,2,1,
,,,,,,,,,,,,,,,,,,,,,,,,,,,,,,,,,,,,
3,14,1,3,4,0,1,0,0,0,0,0,0,0,0,0,0,0,0,0,0,0,0,0,0,0,0,934,330,0,0,,,3,2,1,
,,,,,,,,,,,,,,,,,,,,,,,,,,,,,,,,,,,,
3,15,1,3,4,0,0,2,0,0,0,0,0,0,0,0,0,0,0,0,0,0,0,0,0,0,0,967,330,0,0,,,3,2,1,
,,,,,,,,,,,,,,,,,,,,,,,,,,,,,,,,,,,,
4,1,3,4,1,1,0,0,1,1,0,0,0,0,0,0,0,0,0,0,0,0,0,0,0,0,0,94,483,0,0,,,9,2,,
,,,,,,,,,,,,,,,,,,,,,,,,,,,,,,,,,,,,
4,2,5,4,1,0,1,0,1,0,0,0,0,0,0,0,0,0,0,0,0,0,0,0,0,0,0,175,483,0,0,,,9,2,,
,,,,,,,,,,,,,,,,,,,,,,,,,,,,,,,,,,,,
4,3,5,4,1,0,1,0,0,0,0,0,0,0,0,0,0,0,0,0,0,0,0,0,0,0,0,200,480,0,0,,,9,2,,
,,,,,,,,,,,,,,,,,,,,,,,,,,,,,,,,,,,,
4,4,3,4,1,0,1,0,0,1,0,0,0,0,0,0,0,0,0,0,0,0,0,0,0,0,0,237,483,0,0,,,9,2,,
,,,,,,,,,,,,,,,,,,,,,,,,,,,,,,,,,,,,
4,5,2,4,1,0,1,0,0,1,0,0,0,0,0,0,0,0,0,0,0,0,0,0,0,0,0,272,483,0,0,,,9,2,,
,,,,,,,,,,,,,,,,,,,,,,,,,,,,,,,,,,,,
4,6,1,4,1,0,1,0,0,1,0,0,0,0,0,0,0,0,0,0,0,0,0,0,0,0,0,339,484,0,0,,,9,2,,
,,,,,,,,,,,,,,,,,,,,,,,,,,,,,,,,,,,,
4,7,3,4,2,1,0,0,1,1,0,0,0,0,0,0,0,0,0,0,0,0,0,0,0,0,0,370,484,0,0,,,9,2,,
,,,,,,,,,,,,,,,,,,,,,,,,,,,,,,,,,,,,
4,8,2,4,2,0,1,0,0,1,0,0,0,0,0,0,0,0,0,0,0,0,0,0,0,0,0,437,485,0,0,,,9,2,,
,,,,,,,,,,,,,,,,,,,,,,,,,,,,,,,,,,,,
4,9,2,4,2,0,0,1,0,1,0,0,0,0,0,0,0,0,0,0,0,0,0,0,0,0,0,470,485,0,0,,,9,2,,
,,,,,,,,,,,,,,,,,,,,,,,,,,,,,,,,,,,,
4,10,2,4,3,1,0,0,1,1,0,0,0,0,0,0,0,0,0,0,0,0,0,0,0,0,0,604,486,0,0,,,9,2,,
,,,,,,,,,,,,,,,,,,,,,,,,,,,,,,,,,,,,
4,11,1,4,3,0,1,0,0,1,0,0,0,0,0,0,0,0,0,0,0,0,0,0,0,0,0,683,487,0,0,,,9,2,,
,,,,,,,,,,,,,,,,,,,,,,,,,,,,,,,,,,,,
4,12,7,4,3,0,1,0,0,0,0,0,0,0,0,0,0,0,0,0,0,0,0,0,0,0,0,719,487,0,0,,,9,2,,
,,,,,,,,,,,,,,,,,,,,,,,,,,,,,,,,,,,,
4,13,1,4,3,0,1,0,0,1,0,0,0,0,0,0,0,0,0,0,0,0,0,0,0,0,0,752,487,0,0,,,9,2,,
,,,,,,,,,,,,,,,,,,,,,,,,,,,,,,,,,,,,
4,14,2,4,3,0,1,0,1,1,0,0,0,0,0,0,0,0,0,0,0,0,0,0,0,0,0,796,487,0,0,,,9,2,,
,,,,,,,,,,,,,,,,,,,,,,,,,,,,,,,,,,,,
4,15,1,4,3,0,1,0,0,1,0,0,0,0,0,0,0,0,0,0,0,0,0,0,0,0,0,840,489,0,0,,,9,2,,
,,,,,,,,,,,,,,,,,,,,,,,,,,,,,,,,,,,,
4,16,3,4,4,1,0,2,0,1,0,0,0,0,0,0,0,0,0,0,0,0,0,0,0,0,0,884,489,0,0,,,9,2,,
,,,,,,,,,,,,,,,,,,,,,,,,,,,,,,,,,,,,
4,17,3,4,4,0,1,0,0,1,0,0,0,0,0,0,0,0,0,0,0,0,0,0,0,0,0,1020,489,0,0,,,9,2,,
,,,,,,,,,,,,,,,,,,,,,,,,,,,,,,,,,,,,
4,18,4,4,4,0,1,0,0,1,0,0,0,0,0,0,0,0,0,0,0,0,0,0,0,0,0,1050,488,0,0,,,9,2,,
,,,,,,,,,,,,,,,,,,,,,,,,,,,,,,,,,,,,
5,1,5,5,1,1,0,0,1,1,0,0,0,0,0,0,0,0,0,0,0,0,0,0,0,0,0,77,588,0,0,,,9,2,,
,,,,,,,,,,,,,,,,,,,,,,,,,,,,,,,,,,,,
5,2,5,5,1,0,1,0,0,1,0,0,0,0,0,0,0,0,0,0,0,0,0,0,0,0,0,157,588,0,0,,,9,2,,
,,,,,,,,,,,,,,,,,,,,,,,,,,,,,,,,,,,,
5,3,5,5,1,0,1,0,0,1,0,0,0,0,0,0,0,0,0,0,0,0,0,0,0,0,0,190,588,0,0,,,9,2,,
,,,,,,,,,,,,,,,,,,,,,,,,,,,,,,,,,,,,
5,4,5,5,1,0,1,0,0,1,0,0,0,0,0,0,0,0,0,0,0,0,0,0,0,0,0,226,588,0,0,,,9,2,,
,,,,,,,,,,,,,,,,,,,,,,,,,,,,,,,,,,,,
5,5,4,5,1,0,1,0,0,1,1,0,0,0,0,0,0,0,0,0,0,0,0,0,0,0,0,270,590,0,0,,,9,2,,
,,,,,,,,,,,,,,,,,,,,,,,,,,,,,,,,,,,,
5,6,3,5,1,0,1,0,0,1,0,0,0,0,0,0,0,0,0,0,0,0,0,0,0,0,0,314,588,0,0,,,9,2,,
,,,,,,,,,,,,,,,,,,,,,,,,,,,,,,,,,,,,
5,7,5,5,2,1,0,0,1,1,0,0,0,0,0,0,0,0,0,0,0,0,0,0,0,0,0,350,589,0,0,,,9,2,,
,,,,,,,,,,,,,,,,,,,,,,,,,,,,,,,,,,,,
5,8,4,5,2,0,1,0,0,1,1,0,0,0,0,0,0,0,0,0,0,0,0,0,0,0,0,429,590,0,0,,,9,2,,
,,,,,,,,,,,,,,,,,,,,,,,,,,,,,,,,,,,,
5,9,4,5,2,0,0,0,0,1,0,0,0,0,0,0,0,0,0,0,0,0,0,0,0,0,0,462,590,0,0,,,9,2,,
,,,,,,,,,,,,,,,,,,,,,,,,,,,,,,,,,,,,
5,10,1,5,2,0,1,0,0,1,0,0,0,0,0,0,0,0,0,0,0,0,0,0,0,0,0,506,591,0,0,,,9,2,,
,,,,,,,,,,,,,,,,,,,,,,,,,,,,,,,,,,,,
5,11,2,5,2,0,1,0,0,1,0,0,0,0,0,0,0,0,0,0,0,0,0,0,0,0,0,550,590,0,0,,,9,2,,
,,,,,,,,,,,,,,,,,,,,,,,,,,,,,,,,,,,,
5,12,3,5,3,1,0,0,1,1,0,0,0,0,0,0,0,0,0,0,0,0,0,0,0,0,0,604,590,0,0,,,9,2,,
,,,,,,,,,,,,,,,,,,,,,,,,,,,,,,,,,,,,
5,13,5,5,3,0,1,0,0,0,0,0,0,0,0,0,0,0,0,0,0,0,0,0,0,0,0,683,591,0,0,,,9,2,,
,,,,,,,,,,,,,,,,,,,,,,,,,,,,,,,,,,,,
5,14,4,5,3,0,1,0,0,0,0,0,0,0,0,0,0,0,0,0,0,0,0,0,0,0,0,719,592,0,0,,,9,2,,
,,,,,,,,,,,,,,,,,,,,,,,,,,,,,,,,,,,,
5,15,2,5,3,0,1,0,0,1,0,0,0,0,0,0,0,0,0,0,0,0,0,0,0,0,0,752,592,0,0,,,9,2,,
,,,,,,,,,,,,,,,,,,,,,,,,,,,,,,,,,,,,
5,16,1,5,3,0,1,0,0,1,0,0,0,0,0,0,0,0,0,0,0,0,0,0,0,0,0,796,591,0,0,,,9,2,,
,,,,,,,,,,,,,,,,,,,,,,,,,,,,,,,,,,,,
5,17,7,5,3,0,1,0,0,0,0,0,0,0,0,0,0,0,0,0,0,0,0,0,0,0,0,840,592,0,0,,,9,2,,
,,,,,,,,,,,,,,,,,,,,,,,,,,,,,,,,,,,,
5,18,1,5,4,1,0,3,0,1,0,0,0,0,0,0,0,0,0,0,0,0,0,0,0,0,0,884,591,0,0,,,9,2,,
,,,,,,,,,,,,,,,,,,,,,,,,,,,,,,,,,,,,
6,1,6,6,1,1,1,0,1,0,0,0,0,0,0,0,0,0,0,0,0,0,0,0,0,0,0,101,712,0,0,,,1,2,2,3
,,,,,,,,,,,,,,,,,,,,,,,,,,,,,,,,,,,,
6,2,6,6,1,0,1,0,0,0,0,0,0,0,0,0,0,0,0,0,0,0,0,0,0,0,0,134,712,0,0,,,1,2,2,3
,,,,,,,,,,,,,,,,,,,,,,,,,,,,,,,,,,,,
6,3,6,6,1,0,1,0,0,0,0,0,0,0,0,0,0,0,0,0,0,0,0,0,0,0,0,167,713,0,0,,,1,2,2,3
,,,,,,,,,,,,,,,,,,,,,,,,,,,,,,,,,,,,
6,4,6,6,1,0,1,0,0,0,0,0,0,0,0,0,0,0,0,0,0,0,0,0,0,0,0,199,713,0,0,,,1,2,2,3
,,,,,,,,,,,,,,,,,,,,,,,,,,,,,,,,,,,,
6,5,7,6,1,0,1,0,0,0,0,0,0,0,0,0,0,0,0,0,0,0,0,0,0,0,0,232,713,0,0,,,1,2,2,3
,,,,,,,,,,,,,,,,,,,,,,,,,,,,,,,,,,,,
6,6,7,6,1,0,0,0,0,0,0,0,0,0,0,0,0,0,0,0,0,0,0,0,0,0,0,264,713,0,0,,,1,2,2,3
,,,,,,,,,,,,,,,,,,,,,,,,,,,,,,,,,,,,
6,7,7,6,1,0,1,0,0,0,0,0,0,0,0,0,0,0,0,0,0,0,0,0,0,0,0,343,714,0,0,,,1,2,2,3
,,,,,,,,,,,,,,,,,,,,,,,,,,,,,,,,,,,,
6,8,1,6,2,1,0,2,0,1,0,0,0,0,0,0,0,0,0,0,0,0,0,0,0,0,0,376,715,0,0,,,1,2,2,3
,,,,,,,,,,,,,,,,,,,,,,,,,,,,,,,,,,,,
6,9,0,6,2,0,1,0,0,0,0,0,0,0,0,0,0,0,0,0,0,0,0,0,0,0,0,409,715,0,0,,,1,2,2,3
,,,,,,,,,,,,,,,,,,,,,,,,,,,,,,,,,,,,
6,10,3,6,2,0,2,0,0,0,0,0,0,0,0,0,0,0,0,0,0,0,0,0,0,0,0,545,715,0,0,,,1,2,2,3
,,,,,,,,,,,,,,,,,,,,,,,,,,,,,,,,,,,,
6,11,5,6,2,0,2,0,0,0,0,0,0,0,0,0,0,0,0,0,1,0,0,0,0,0,0,572,716,0,0,,,1,2,2,3
,,,,,,,,,,,,,,,,,,,,,,,,,,,,,,,,,,,,
6,12,6,6,3,1,1,0,0,0,0,0,0,0,0,0,0,0,0,0,0,0,0,0,0,0,0,627,716,0,0,,,1,2,4,
,,,,,,,,,,,,,,,,,,,,,,,,,,,,,,,,,,,,
6,13,6,6,3,0,1,0,0,0,0,0,0,0,0,0,0,0,0,0,0,0,0,0,0,0,0,660,716,0,0,,,1,2,4,
,,,,,,,,,,,,,,,,,,,,,,,,,,,,,,,,,,,,
6,14,6,6,3,0,1,0,0,0,0,0,0,0,0,0,0,0,0,0,0,0,0,0,0,0,0,696,716,0,0,,,1,2,4,
,,,,,,,,,,,,,,,,,,,,,,,,,,,,,,,,,,,,
6,15,6,6,3,0,1,0,0,0,0,0,0,0,0,0,0,0,0,0,0,0,0,0,0,0,0,726,716,0,0,,,1,2,4,
,,,,,,,,,,,,,,,,,,,,,,,,,,,,,,,,,,,,
6,16,7,6,3,0,1,0,0,0,0,0,0,0,0,0,0,0,0,0,0,0,0,0,0,0,0,760,717,0,0,,,1,2,4,
,,,,,,,,,,,,,,,,,,,,,,,,,,,,,,,,,,,,
6,17,7,6,3,0,0,0,0,0,0,0,0,0,0,0,0,0,0,0,0,0,0,0,0,0,0,792,717,0,0,,,1,2,4,
,,,,,,,,,,,,,,,,,,,,,,,,,,,,,,,,,,,,
6,18,7,6,3,0,1,0,0,0,0,0,0,0,0,0,0,0,0,0,0,0,0,0,0,0,0,872,717,0,0,,,1,2,4,
,,,,,,,,,,,,,,,,,,,,,,,,,,,,,,,,,,,,
6,19,1,6,4,1,0,3,0,1,0,0,0,0,0,0,0,0,0,0,0,0,0,0,0,0,0,924,717,0,0,,,1,2,4,
,,,,,,,,,,,,,,,,,,,,,,,,,,,,,,,,,,,,
7,1,4,7,1,1,1,0,0,0,0,0,0,0,0,0,0,0,0,0,0,0,0,0,0,0,0,100,801,0,0,,,2,2,2,3
,,,,,,,,,,,,,,,,,,,,,,,,,,,,,,,,,,,,
7,2,4,7,1,0,1,0,0,0,0,0,0,0,0,0,0,0,0,0,0,0,0,0,0,0,0,134,802,0,0,,,2,2,2,3
,,,,,,,,,,,,,,,,,,,,,,,,,,,,,,,,,,,,
7,3,4,7,1,0,1,0,0,0,0,0,0,0,0,0,0,0,0,0,0,0,0,0,0,0,0,166,801,0,0,,,2,2,2,3
,,,,,,,,,,,,,,,,,,,,,,,,,,,,,,,,,,,,
7,4,3,7,1,0,1,0,0,0,0,0,0,0,0,0,0,0,0,0,0,0,0,0,0,0,0,198,802,0,0,,,2,2,2,3
,,,,,,,,,,,,,,,,,,,,,,,,,,,,,,,,,,,,
7,5,2,7,1,0,1,0,0,0,0,0,0,0,0,0,0,0,0,0,0,0,0,0,0,0,0,231,802,0,0,,,2,2,2,3
,,,,,,,,,,,,,,,,,,,,,,,,,,,,,,,,,,,,
7,6,2,7,1,0,1,0,0,0,0,0,0,0,0,0,0,0,0,0,0,0,0,0,0,0,0,264,802,0,0,,,2,2,2,3
,,,,,,,,,,,,,,,,,,,,,,,,,,,,,,,,,,,,
7,7,2,7,1,0,2,0,0,0,0,0,0,0,0,0,0,0,0,0,0,0,0,0,0,0,0,297,802,0,0,,,2,2,2,3
,,,,,,,,,,,,,,,,,,,,,,,,,,,,,,,,,,,,
7,8,1,7,1,0,2,0,0,0,0,0,0,0,0,0,0,0,0,0,0,0,0,0,0,0,0,320,803,0,0,,,2,2,2,3
,,,,,,,,,,,,,,,,,,,,,,,,,,,,,,,,,,,,
7,9,7,7,1,0,1,0,0,0,1,0,0,0,0,0,0,0,0,0,0,0,0,0,0,0,0,340,803,0,0,,,2,2,2,3
,,,,,,,,,,,,,,,,,,,,,,,,,,,,,,,,,,,,
7,10,1,7,2,1,0,2,0,0,0,0,0,0,0,0,0,0,0,0,0,0,0,0,0,0,0,376,803,0,0,,,2,2,2,3
,,,,,,,,,,,,,,,,,,,,,,,,,,,,,,,,,,,,
7,11,0,7,2,0,1,0,0,0,0,0,0,0,0,0,0,0,0,0,0,0,0,0,0,0,0,512,804,0,0,,,2,2,2,3
,,,,,,,,,,,,,,,,,,,,,,,,,,,,,,,,,,,,
7,12,3,7,2,0,2,0,0,0,0,0,0,0,0,0,0,0,0,0,0,0,0,0,0,0,0,545,804,0,0,,,2,2,2,3
,,,,,,,,,,,,,,,,,,,,,,,,,,,,,,,,,,,,
7,13,5,7,2,0,2,0,0,0,0,0,0,0,0,0,0,0,0,0,1,0,0,0,0,0,0,571,804,0,0,,,2,2,2,3
,,,,,,,,,,,,,,,,,,,,,,,,,,,,,,,,,,,,
7,14,4,7,3,1,1,0,0,0,0,0,0,0,0,0,0,0,0,0,0,0,0,0,0,0,0,627,804,0,0,,,2,2,4,
,,,,,,,,,,,,,,,,,,,,,,,,,,,,,,,,,,,,
7,15,4,7,3,0,1,0,0,0,0,0,0,0,0,0,0,0,0,0,0,0,0,0,0,0,0,660,804,0,0,,,2,2,4,
,,,,,,,,,,,,,,,,,,,,,,,,,,,,,,,,,,,,
7,16,4,7,3,0,1,0,0,0,0,0,0,0,0,0,0,0,0,0,0,0,0,0,0,0,0,692,805,0,0,,,2,2,4,
,,,,,,,,,,,,,,,,,,,,,,,,,,,,,,,,,,,,
7,17,3,7,3,0,1,0,0,0,0,0,0,0,0,0,0,0,0,0,0,0,0,0,0,0,0,726,805,0,0,,,2,2,4,
,,,,,,,,,,,,,,,,,,,,,,,,,,,,,,,,,,,,
7,18,2,7,3,0,1,0,0,0,0,0,0,0,0,0,0,0,0,0,0,0,0,0,0,0,0,759,805,0,0,,,2,2,4,
,,,,,,,,,,,,,,,,,,,,,,,,,,,,,,,,,,,,
7,19,2,7,3,0,1,0,0,0,0,0,0,0,0,0,0,0,0,0,0,0,0,0,0,0,0,792,806,0,0,,,2,2,4,
,,,,,,,,,,,,,,,,,,,,,,,,,,,,,,,,,,,,
7,20,2,7,3,0,2,0,0,0,0,0,0,0,0,0,0,0,0,0,0,0,0,0,0,0,0,825,806,0,0,,,2,2,4,
,,,,,,,,,,,,,,,,,,,,,,,,,,,,,,,,,,,,
7,21,1,7,3,0,2,0,0,0,0,0,0,0,0,0,0,0,0,0,0,0,0,0,0,0,0,871,806,0,0,,,2,2,4,
,,,,,,,,,,,,,,,,,,,,,,,,,,,,,,,,,,,,
7,22,7,7,3,0,1,0,0,0,1,0,0,0,0,0,0,0,0,0,0,0,0,0,0,0,0,904,803,0,0,,,2,2,4,
,,,,,,,,,,,,,,,,,,,,,,,,,,,,,,,,,,,,
7,23,1,7,4,1,0,3,0,0,0,0,0,0,0,0,0,0,0,0,0,0,0,0,0,0,0,924,807,0,0,,,2,2,4,
,,,,,,,,,,,,,,,,,,,,,,,,,,,,,,,,,,,,
8,1,6,8,1,1,0,1,0,0,0,0,0,0,0,0,0,0,0,0,0,0,0,0,0,0,0,99,931,0,0,,,3,2,2,3
,,,,,,,,,,,,,,,,,,,,,,,,,,,,,,,,,,,,
8,2,7,8,1,0,0,1,0,0,0,0,0,0,0,0,0,0,0,0,0,0,0,0,0,0,0,231,932,0,0,,,3,2,2,3
,,,,,,,,,,,,,,,,,,,,,,,,,,,,,,,,,,,,
8,3,1,8,2,1,0,2,0,1,0,0,0,0,0,0,0,0,0,0,0,0,0,0,0,0,0,376,934,0,0,,,3,2,2,3
,,,,,,,,,,,,,,,,,,,,,,,,,,,,,,,,,,,,
8,4,0,8,2,0,0,0,0,0,0,0,0,0,0,0,0,0,0,0,1,0,0,0,0,0,0,495,934,0,0,,,3,2,2,3
,,,,,,,,,,,,,,,,,,,,,,,,,,,,,,,,,,,,
8,5,6,8,3,1,0,1,0,0,0,0,0,0,0,0,0,0,0,0,0,0,0,0,0,0,0,627,934,0,0,,,3,2,4,
,,,,,,,,,,,,,,,,,,,,,,,,,,,,,,,,,,,,
8,6,7,8,3,0,0,1,0,0,0,0,0,0,0,0,0,0,0,0,0,0,0,0,0,0,0,759,936,0,0,,,3,2,4,
,,,,,,,,,,,,,,,,,,,,,,,,,,,,,,,,,,,,
8,7,1,8,4,1,0,3,0,1,0,0,0,0,0,0,0,0,0,0,0,0,0,0,0,0,0,924,931,0,0,,,3,2,4,
